"event","topic","question","options__001","options__002","options__003","options__004","answer","subtopic","difficulty","hint","explanation"
"Astronomy","Stellar Evolution","What is the primary energy source for a protostar before it begins nuclear fusion?","Nuclear fission","Gravitational potential energy","Heat from cosmic microwaves","Chemical reactions","Gravitational potential energy","","Easy","As the gas and dust cloud collapses, energy is released from the force pulling it inward.","Before a protostar is hot and dense enough for nuclear fusion to begin, its primary energy source is the conversion of gravitational potential energy into thermal energy."
"Astronomy","Stellar Evolution","Which stage comes immediately after a main-sequence star exhausts hydrogen in its core?","Red Giant","White Dwarf","Neutron Star","Supernova","Red Giant","","Medium","Think about the expansion of the star as fusion shifts to a shell around the core.","After hydrogen is exhausted in the core, fusion continues in a shell around the core, causing the star to expand into a red giant."
"Astronomy","Stellar Evolution","What type of star will a 1 solar mass star become after it leaves the main sequence?","White Dwarf","Neutron Star","Black Hole","Red Supergiant","White Dwarf","","Easy","Think about the typical fate of sun-like stars.","Stars with mass similar to the Sun end their lives as white dwarfs after shedding their outer layers."
"Astronomy","Stellar Evolution","Which process powers a star during the main-sequence phase?","Hydrogen fusion","Helium fission","Gravitational contraction","Carbon burning","Hydrogen fusion","","Easy","Main sequence is defined by core hydrogen burning.","Stars fuse hydrogen into helium in their cores during the main-sequence phase, releasing energy."
"Astronomy","Stellar Evolution","Which type of star will undergo a supernova explosion?","Massive stars (>8 solar masses)","Sun-like stars","Brown dwarfs","White dwarfs in isolation","Massive stars (>8 solar masses)","","Medium","Only very massive stars reach the core-collapse stage.","Stars more massive than ~8 solar masses explode as supernovae after exhausting their nuclear fuel."
"Astronomy","Stellar Evolution","What is a planetary nebula?","The outer layers ejected by a dying low-mass star","A giant planet formation region","A cluster of stars forming","A remnant of a supernova","The outer layers ejected by a dying low-mass star","","Medium","It surrounds a hot central star, forming a glowing shell.","Planetary nebulae are formed when low- to intermediate-mass stars eject their outer envelopes at the end of their lives."
"Astronomy","Stellar Evolution","What determines the ultimate fate of a star?","Its initial mass","Its rotation speed","Its age","Its metallicity","Its initial mass","","Easy","Mass dictates whether it becomes a white dwarf, neutron star, or black hole.","A star's initial mass is the main factor controlling its evolution and final state."
"Astronomy","Stellar Evolution","During which phase do stars fuse helium into carbon in their cores?","Red Giant phase","Main Sequence","White Dwarf phase","Protostar phase","Red Giant phase","","Medium","Occurs after core hydrogen is depleted.","Red giants fuse helium into carbon and oxygen in their cores once hydrogen is exhausted."
"Astronomy","Stellar Evolution","Which of the following describes a T Tauri star?","A young pre-main-sequence star","A dying white dwarf","A massive supergiant","A neutron star","A young pre-main-sequence star","","Medium","It is still contracting and not yet fusing hydrogen.","T Tauri stars are young stars still contracting towards the main sequence, showing variability and strong stellar winds."
"Astronomy","Stellar Evolution","Which star type has exhausted helium in its core and fuses heavier elements in shells?","Asymptotic Giant Branch star","Red Dwarf","Main Sequence Star","T Tauri star","Asymptotic Giant Branch star","","Hard","Occurs in low- to intermediate-mass stars before they become planetary nebulae.","AGB stars have inert cores of carbon and oxygen and fuse helium and hydrogen in shells around the core."
"Astronomy","Stellar Evolution","Which process occurs in massive stars after helium burning?","Carbon, neon, oxygen, and silicon fusion","Hydrogen fusion only","Proton-proton chain","Lithium burning","Carbon, neon, oxygen, and silicon fusion","","Hard","These stages build up an iron core.","Massive stars undergo sequential fusion of heavier elements until iron accumulates in the core, leading to supernova."
"Astronomy","Stellar Evolution","What is the Chandrasekhar limit?","Maximum mass of a stable white dwarf","Minimum mass for fusion","Limit of a neutron star","Maximum mass of a main sequence star","Maximum mass of a stable white dwarf","","Hard","Above this mass, electron degeneracy pressure can't support the star.","The Chandrasekhar limit is ~1.44 solar masses; beyond this, a white dwarf collapses into a neutron star or black hole."
"Astronomy","Stellar Evolution","Which type of supernova results from the collapse of a massive star's core?","Type II","Type Ia","Type Ib","Type Ic","Type II","","Medium","Occurs in stars with hydrogen in their outer layers.","Type II supernovae are core-collapse explosions of massive stars with hydrogen-rich envelopes."
"Astronomy","Stellar Evolution","Which star type is supported by electron degeneracy pressure?","White Dwarf","Neutron Star","Red Giant","Main Sequence Star","White Dwarf","","Medium","Its collapse is halted by quantum mechanical pressure of electrons.","White dwarfs are stabilized by electron degeneracy pressure against gravitational collapse."
"Astronomy","Stellar Evolution","What is a red supergiant?","A massive star in late evolutionary stage","A low-mass main sequence star","A white dwarf precursor","A young protostar","A massive star in late evolutionary stage","","Medium","These stars can explode as Type II supernovae.","Red supergiants are massive, evolved stars that have expanded and cooled after leaving the main sequence."
"Astronomy","Stellar Evolution","Which factor primarily controls the luminosity of a main-sequence star?","Mass","Age","Metallicity","Rotation","Mass","","Easy","More massive stars are brighter and hotter.","On the main sequence, a star’s luminosity strongly depends on its mass."
"Astronomy","Stellar Evolution","Which stars will never reach the red giant phase?","Brown dwarfs","Sun-like stars","Massive stars","White dwarfs","Brown dwarfs","","Medium","These objects do not sustain hydrogen fusion in their cores.","Brown dwarfs are too low in mass to ignite hydrogen fusion, so they do not evolve into red giants."
"Astronomy","Stellar Evolution","What is the end stage of a star with initial mass between 8 and 20 solar masses?","Neutron Star","White Dwarf","Black Hole","Red Giant","Neutron Star","","Medium","Electron degeneracy cannot support it, but neutron degeneracy can.","Stars with 8–20 solar masses undergo core-collapse supernovae, leaving behind neutron stars."
"Astronomy","Stellar Evolution","What is the main difference between Type Ia and Type II supernovae?","Progenitor system","Explosion brightness","Remnant type","All of the above","All of the above","","Hard","Consider how the progenitor and mechanism differ.","Type Ia supernovae come from white dwarfs in binaries, while Type II are massive star core collapses; they differ in brightness and remnants."
"Astronomy","Stellar Properties & Classification","What are the two primary properties plotted on an H-R diagram?","Luminosity vs Temperature","Mass vs Radius","Brightness vs Distance","Age vs Composition","Luminosity vs Temperature","","Easy","It’s used to classify stars and understand evolution.","The Hertzsprung-Russell diagram plots stellar luminosity against surface temperature to classify stars and track their evolutionary stages."
"Astronomy","Stellar Properties & Classification","Which spectral class represents the hottest stars?","O","B","A","M","O","","Easy","Recall the OBAFGKM sequence.","O-type stars are extremely hot and blue, with surface temperatures above 30,000 K."
"Astronomy","Stellar Properties & Classification","Which color corresponds to a G-type star?","Blue","White","Yellow","Red","Yellow","","Easy","The Sun is a G-type star.","G-type stars, like the Sun, are yellow and have surface temperatures around 5,500–6,000 K."
"Astronomy","Stellar Properties & Classification","What does the luminosity class I represent?","Supergiants","Giants","Main Sequence","White Dwarfs","Supergiants","","Medium","Think about the largest and most luminous stars.","Luminosity class I denotes supergiant stars with very high luminosity and large radii."
"Astronomy","Stellar Properties & Classification","Which property primarily determines a star’s position on the main sequence?","Mass","Metallicity","Age","Rotation","Mass","","Easy","Heavier stars are hotter and brighter.","Mass is the key factor determining a main-sequence star's temperature, luminosity, and lifespan."
"Astronomy","Stellar Properties & Classification","What type of star is Vega?","A0V","G2V","M5III","K1I","A0V","","Medium","Look at spectral class and luminosity class.","Vega is an A0 main-sequence star (A0V) with high surface temperature and white-blue color."
"Astronomy","Stellar Properties & Classification","Which spectral class has the coolest stars?","O","F","K","M","M","","Easy","Red stars are the coolest.","M-type stars are red and have the lowest surface temperatures (~2,400–3,700 K)."
"Astronomy","Stellar Properties & Classification","Which stars are classified as white dwarfs?","Very hot, dim stars","Cool, luminous giants","Red supergiants","Protostars","Very hot, dim stars","","Medium","Think about compact stellar remnants.","White dwarfs are hot but have low luminosity due to their small size, representing the final stage of low-mass stars."
"Astronomy","Stellar Properties & Classification","How is stellar mass generally estimated?","Using binary star orbits","From color alone","From spectral type only","From apparent brightness","Using binary star orbits","","Medium","Kepler’s laws help determine mass in binaries.","Stellar masses are most accurately measured in binary systems via orbital motion using Kepler’s laws."
"Astronomy","Stellar Properties & Classification","Which type of main-sequence star has the longest lifespan?","O-type","A-type","G-type","M-type","M-type","","Easy","Smaller stars burn fuel more slowly.","M-type red dwarfs are low-mass stars that burn hydrogen slowly, living for hundreds of billions of years."
"Astronomy","Stellar Properties & Classification","Which property affects both luminosity and temperature of a main-sequence star?","Mass","Metallicity","Magnetic field","Age","Mass","","Easy","Higher mass → higher core pressure and temperature.","The mass of a star determines its core pressure and temperature, affecting its luminosity and spectral class."
"Astronomy","Stellar Properties & Classification","A star with spectral type K and luminosity class III is:","Orange Giant","Red Dwarf","White Dwarf","Blue Main Sequence","Orange Giant","","Medium","Combine spectral class color with luminosity class size.","K-type stars are orange; class III indicates a giant, hence an orange giant."
"Astronomy","Stellar Properties & Classification","Which factor contributes to the color of a star?","Surface temperature","Distance","Age","Magnetic field","Surface temperature","","Easy","Hot stars are blue, cool stars are red.","The surface temperature of a star determines its color: hotter stars appear blue/white, cooler stars appear red/orange."
"Astronomy","Stellar Properties & Classification","Which unit is used to express stellar luminosity?","Solar luminosities (L☉)","Joules","Parsecs","Kelvin","Solar luminosities (L☉)","","Medium","Compare to the Sun’s output.","Stellar luminosity is often expressed in terms of the Sun’s luminosity (L☉) for comparison."
"Astronomy","Stellar Properties & Classification","Which star is hotter: an A0V star or a G2V star?","A0V","G2V","Both same","Cannot determine","A0V","","Easy","A comes before G in the OBAFGKM sequence.","A0V stars are hotter and more massive than G2V stars like the Sun."
"Astronomy","Stellar Properties & Classification","Which stars are considered main-sequence stars?","Stars fusing hydrogen in their cores","Stars fusing helium in shells","White dwarfs","Protostars","Stars fusing hydrogen in their cores","","Easy","The defining feature of main-sequence stars.","Main-sequence stars are defined by hydrogen fusion in their cores, which provides energy for stability."
"Astronomy","Stellar Properties & Classification","Which type of star would have the highest surface gravity?","White dwarf","Red giant","Main-sequence star","Supergiant","White dwarf","","Medium","Think of small radius with high mass.","White dwarfs are very compact, giving them extremely high surface gravity."
"Astronomy","Stellar Properties & Classification","Which type of star is often used as a standard candle for distance measurements?","Cepheid variable","Red dwarf","White dwarf","T Tauri star","Cepheid variable","","Medium","Its luminosity is related to its pulsation period.","Cepheid variables have a well-defined period-luminosity relationship, making them excellent standard candles."
"Astronomy","Stellar Properties & Classification","Which class of stars are blue, massive, and short-lived?","O-type main-sequence stars","M-type stars","K-type giants","G-type stars","O-type main-sequence stars","","Medium","These stars burn fuel quickly due to high mass.","O-type stars are extremely hot, massive, and have lifespans of only a few million years."
"Astronomy","Exoplanets & Planetary Science","Which method detects exoplanets by measuring a star's periodic wobble?","Transit method","Radial velocity method","Direct imaging","Microlensing","Radial velocity method","","Easy","Also called the Doppler method.","The radial velocity method detects variations in the star’s velocity due to gravitational pull from orbiting planets."
"Astronomy","Exoplanets & Planetary Science","The transit method measures exoplanets by:","Observing the star’s wobble","Detecting light dips as a planet passes in front","Measuring gravitational lensing","Capturing images directly","Detecting light dips as a planet passes in front","","Easy","Think of a planet eclipsing its star.","The transit method detects the small decrease in starlight when a planet passes between the star and observer."
"Astronomy","Exoplanets & Planetary Science","Which planet type is a 'hot Jupiter'?","A small rocky planet","A gas giant close to its star","A gas giant far from its star","An icy planet","A gas giant close to its star","","Medium","Think of Jupiter but extremely hot.","Hot Jupiters are gas giants similar to Jupiter but orbit very close to their host stars, resulting in high temperatures."
"Astronomy","Exoplanets & Planetary Science","Which property can be determined from a planet’s transit depth?","Mass","Radius","Distance","Composition","Radius","","Medium","The deeper the transit, the larger the planet.","The transit depth indicates the ratio of the planet's area to the star's area, allowing calculation of the planet's radius."
"Astronomy","Exoplanets & Planetary Science","Kepler’s Third Law relates which two quantities?","Orbital period and mass","Orbital period and distance","Radius and mass","Luminosity and temperature","Orbital period and distance","","Medium","P² ∝ a³.","Kepler’s Third Law shows that the square of a planet’s orbital period is proportional to the cube of the semi-major axis of its orbit."
"Astronomy","Exoplanets & Planetary Science","Which exoplanet type is likely rocky and Earth-like?","Gas giants","Hot Jupiters","Terrestrial planets","Ice giants","Terrestrial planets","","Easy","Small, dense, with solid surfaces.","Terrestrial planets are rocky and similar to Earth or Mars in composition and structure."
"Astronomy","Exoplanets & Planetary Science","Which phenomenon causes a planet to have a higher surface temperature than expected?","Greenhouse effect","Tidal locking","Magnetic field","Solar wind","Greenhouse effect","","Easy","Think CO₂ and methane trapping heat.","A planet’s atmosphere can trap infrared radiation, warming the surface beyond what would be expected from sunlight alone."
"Astronomy","Exoplanets & Planetary Science","Which property is most important for determining a planet's orbit?","Mass of the planet","Mass of the star","Radius of the planet","Composition of the planet","Mass of the star","","Medium","Heavier stars exert stronger gravitational pull.","The mass of the star primarily determines the orbital period and velocity of a planet according to Newton’s laws of gravitation."
"Astronomy","Exoplanets & Planetary Science","Which exoplanet is likely to have the longest orbital period?","Close-in hot Jupiter","Terrestrial planet in habitable zone","Gas giant far from star","Rogue planet","Gas giant far from star","","Medium","Farther planets orbit more slowly.","Planets farther from their star have longer orbital periods due to weaker gravitational pull and longer orbital paths."
"Astronomy","Exoplanets & Planetary Science","Which is a method for direct imaging of exoplanets?","Blocking starlight with coronagraph","Measuring radial velocity","Observing transits","Timing pulsars","Blocking starlight with coronagraph","","Hard","You need to reduce the star’s glare.","A coronagraph blocks the star’s light to allow faint light from orbiting planets to be observed directly."
"Astronomy","Exoplanets & Planetary Science","What is the habitable zone?","Region where liquid water can exist","Distance where stars are cold","Location of asteroid belts","Region of supernovae","Region where liquid water can exist","","Easy","Goldilocks zone.","The habitable zone around a star is where temperatures allow liquid water to exist on a planet’s surface."
"Astronomy","Exoplanets & Planetary Science","Which planet discovery method relies on gravitational lensing?","Transit method","Radial velocity","Microlensing","Direct imaging","Microlensing","","Hard","It uses background star light bending.","Microlensing detects planets by observing how a planet’s gravity bends light from a distant background star."
"Astronomy","Exoplanets & Planetary Science","What can a light curve tell us about a transiting exoplanet?","Orbital period and radius","Mass and composition","Temperature and rotation","Distance from Earth","Orbital period and radius","","Medium","Transit depth and timing are key.","The depth of the transit gives radius, and the time between transits gives orbital period."
"Astronomy","Exoplanets & Planetary Science","Which characteristic defines a gas giant?","Large, gaseous, low density","Small, rocky, high density","Icy, small","Close-in, hot","Large, gaseous, low density","","Easy","Think Jupiter and Saturn.","Gas giants are large planets composed mostly of hydrogen and helium with low overall density."
"Astronomy","Exoplanets & Planetary Science","Which exoplanets are called 'super-Earths'?","Planets larger than Earth but smaller than Neptune","Planets smaller than Earth","Gas giants","Rogue planets","Planets larger than Earth but smaller than Neptune","","Medium","Mass is higher than Earth but not massive like Jupiter.","Super-Earths are exoplanets with masses between Earth and Neptune, potentially rocky or gaseous."
"Astronomy","Exoplanets & Planetary Science","Which effect can increase the temperature of a tidally locked exoplanet?","Greenhouse effect","Magnetic field","Orbital resonance","Rotation rate","Greenhouse effect","","Medium","Heat trapped by atmosphere on the star-facing side.","Tidally locked planets with atmospheres can trap heat via the greenhouse effect, raising surface temperatures."
"Astronomy","Exoplanets & Planetary Science","What is a planet’s semi-major axis?","Average distance from its star","Orbital speed","Radius of the planet","Rotational period","Average distance from its star","","Medium","Kepler’s Third Law uses this value.","The semi-major axis is half the longest diameter of an elliptical orbit, representing the planet’s average distance from the star."
"Astronomy","Exoplanets & Planetary Science","Which planetary property can often be inferred from its density?","Composition","Rotation","Orbital period","Magnetic field","Composition","","Medium","Compare mass and radius.","Density helps distinguish rocky, gaseous, or icy planets based on their mass and radius."
"Astronomy","Stellar Evolution & Lifecycles","What is the primary factor that determines a star’s lifecycle?","Its rotation rate","Its chemical composition","Its initial mass","Its age","Its initial mass","","Easy","Think about what dictates how long a star lives and how it dies.","A star's initial mass determines its luminosity, lifespan, and final state (white dwarf, neutron star, or black hole)."
"Astronomy","Stellar Evolution & Lifecycles","Which phase comes after a main sequence star burns all its hydrogen in the core?","Red giant","White dwarf","Supernova","Protostar","Red giant","","Easy","The star expands and cools.","After hydrogen is depleted, the core contracts and the outer layers expand, forming a red giant."
"Astronomy","Stellar Evolution & Lifecycles","What is the final stage of a low-mass star like the Sun?","Neutron star","Black hole","White dwarf","Red supergiant","White dwarf","","Easy","It’s the remnant core left after outer layers are ejected.","Low-mass stars eject their outer layers as planetary nebulae, leaving behind a dense white dwarf."
"Astronomy","Stellar Evolution & Lifecycles","Which stellar remnants can result from a supernova of a massive star?","White dwarf","Neutron star","Black hole","Both B and C","Both B and C","","Medium","Depends on the star’s mass.","Massive stars end as neutron stars or black holes depending on the mass of the remaining core."
"Astronomy","Stellar Evolution & Lifecycles","During which process do stars convert hydrogen into helium in their cores?","Nuclear fission","Gravitational collapse","Nuclear fusion","Electron capture","Nuclear fusion","","Easy","This process releases energy powering the star.","Main sequence stars produce energy by fusing hydrogen into helium in their cores."
"Astronomy","Stellar Evolution & Lifecycles","What causes a star to become a supernova?","Core collapse after fusion ends","Excess rotation","Magnetic field interaction","Planetary collisions","Core collapse after fusion ends","","Medium","Massive stars explode when the core cannot support gravity.","When fusion ceases in a massive star, the core collapses, leading to a supernova explosion."
"Astronomy","Stellar Evolution & Lifecycles","Which type of star is fusing helium in its core?","Main sequence star","Red giant","White dwarf","Protostar","Red giant","","Medium","Hydrogen burning has ended in the core.","Red giants burn helium into carbon in their cores after exhausting hydrogen."
"Astronomy","Stellar Evolution & Lifecycles","What is a protostar?","A dying star","A star in formation","A neutron star","A black hole","A star in formation","","Easy","It hasn’t started fusion yet.","A protostar is a contracting cloud of gas and dust on its way to becoming a main sequence star."
"Astronomy","Stellar Evolution & Lifecycles","Which stage of stellar evolution produces planetary nebulae?","Main sequence","Red giant","White dwarf","Supernova","Red giant","","Medium","Outer layers are ejected.","Low- and intermediate-mass red giants shed their outer layers to form planetary nebulae."
"Astronomy","Stellar Evolution & Lifecycles","What determines whether a star becomes a neutron star or black hole?","Initial mass","Rotation speed","Composition","Location in galaxy","Initial mass","","Medium","The more massive the core, the denser the remnant.","Massive cores produce neutron stars or black holes after supernovae; lower-mass cores become white dwarfs."
"Astronomy","Stellar Evolution & Lifecycles","Which is the hottest and most massive main sequence star?","O-type","B-type","G-type","M-type","O-type","","Medium","Look at the OBAFGKM classification.","O-type stars are very hot, luminous, and massive compared to other main sequence stars."
"Astronomy","Stellar Evolution & Lifecycles","Which element is primarily produced during helium fusion in stars?","Hydrogen","Carbon","Oxygen","Iron","Carbon","","Medium","Triple-alpha process.","Helium nuclei fuse in the triple-alpha process to form carbon in stellar cores."
"Astronomy","Stellar Evolution & Lifecycles","What defines a white dwarf’s size?","Mass only","Electron degeneracy pressure","Temperature","Rotation","Electron degeneracy pressure","","Hard","Quantum mechanics prevents further collapse.","Electron degeneracy pressure balances gravity in white dwarfs, defining their compact size."
"Astronomy","Stellar Evolution & Lifecycles","Which stars undergo a helium flash?","Low-mass stars","High-mass stars","Protostars","White dwarfs","Low-mass stars","","Medium","Sudden ignition in degenerate cores.","Low-mass stars ignite helium explosively in their degenerate cores, called a helium flash."
"Astronomy","Stellar Evolution & Lifecycles","What is the Chandrasekhar limit?","Max mass of a neutron star","Max mass of a white dwarf","Min mass of a black hole","Max size of main sequence star","Max mass of a white dwarf","","Hard","About 1.4 solar masses.","White dwarfs above 1.4 solar masses cannot remain stable and collapse into neutron stars or black holes."
"Astronomy","Stellar Evolution & Lifecycles","Which phase is longest in a star's life?","Protostar","Main sequence","Red giant","Supernova","Main sequence","","Easy","Stars spend most of their lives burning hydrogen.","The main sequence phase is the longest, during which stars fuse hydrogen into helium."
"Astronomy","Stellar Evolution & Lifecycles","Which star type ends life in a core-collapse supernova?","High-mass stars","Low-mass stars","White dwarfs","Brown dwarfs","High-mass stars","","Medium","Think stars heavier than ~8 solar masses.","High-mass stars (>8 M☉) explode as supernovae after fusion ceases in their cores."
"Astronomy","Stellar Evolution & Lifecycles","What is the primary energy source for a protostar?","Gravitational collapse","Hydrogen fusion","Helium fusion","Nuclear fission","Gravitational collapse","","Easy","Energy comes from contraction, not fusion.","A protostar shines due to energy released as it contracts under gravity before fusion begins."
"Astronomy","Stellar Evolution & Lifecycles","Which element marks the end of fusion in massive stars before supernova?","Carbon","Neon","Iron","Oxygen","Iron","","Hard","Fusion of this element consumes energy rather than producing it.","Iron cannot release energy via fusion, leading to core collapse and supernova."
"Astronomy","Stars & Classification","What does the spectral type of a star primarily indicate?","Mass","Temperature","Distance","Age","Temperature","","Easy","Remember the OBAFGKM sequence.","Spectral types classify stars by surface temperature and color, with O being hottest and M being coolest."
"Astronomy","Stars & Classification","Which type of star is the hottest main sequence star?","O-type","B-type","G-type","M-type","O-type","","Medium","Check the OBAFGKM order.","O-type stars are very hot, massive, and luminous."
"Astronomy","Stars & Classification","Which type of star is the coolest and least massive?","O-type","B-type","G-type","M-type","M-type","","Medium","It appears red in color.","M-type stars are red dwarfs, the coolest and smallest main sequence stars."
"Astronomy","Stars & Classification","What does the luminosity class of a star indicate?","Size and brightness","Mass","Distance","Rotation","Size and brightness","","Medium","It differentiates giants from dwarfs.","Luminosity class (I-V) categorizes stars by size and intrinsic brightness."
"Astronomy","Stars & Classification","Which spectral type is the Sun classified as?","O","B","G","M","G","","Easy","It is a yellow star.","The Sun is a G-type main sequence star (G2V)."
"Astronomy","Stars & Classification","A star with high luminosity but low temperature is classified as?","Red giant","White dwarf","Blue giant","Main sequence","Red giant","","Medium","It’s bright but cool.","Red giants are luminous due to large size, but have cooler surface temperatures."
"Astronomy","Stars & Classification","What is the relationship between a star’s color and temperature?","Red is hotter","Blue is cooler","Blue is hotter","Color does not indicate temperature","Blue is hotter","","Easy","Think of the hottest stars.","Blue stars are hottest, while red stars are coolest."
"Astronomy","Stars & Classification","Which class of stars are known as dwarfs?","Luminosity class V","Luminosity class I","Luminosity class III","Luminosity class II","Luminosity class V","","Medium","Main sequence stars fall here.","Class V corresponds to main sequence (dwarf) stars."
"Astronomy","Stars & Classification","Which star type is nearing the end of its life and has expanded in size?","Red giant","White dwarf","Blue giant","Protostar","Red giant","","Medium","It’s post-main-sequence.","Stars expand into red giants when hydrogen is exhausted in their cores."
"Astronomy","Stars & Classification","Which stars are located on the main sequence of the H-R diagram?","Red giants","White dwarfs","Blue supergiants","Stars fusing hydrogen in cores","Stars fusing hydrogen in cores","","Easy","Think energy source.","Main sequence stars are stable, fusing hydrogen into helium in their cores."
"Astronomy","Stars & Classification","Which spectral type has the strongest hydrogen absorption lines?","O","B","A","M","A","","Medium","Check the Balmer series.","A-type stars show the strongest Balmer hydrogen lines."
"Astronomy","Stars & Classification","Which of these is not a luminosity class?","I","III","V","G","G","","Easy","Luminosity classes are Roman numerals.","G is a spectral type, not a luminosity class."
"Astronomy","Stars & Classification","Blue giants are usually of which spectral type?","O and B","A and F","G and K","M","O and B","","Medium","Hot, massive stars.","Blue giants are massive, luminous, and hot, usually spectral types O or B."
"Astronomy","Stars & Classification","Red dwarfs have which properties?","High mass and luminosity","Low mass and temperature","Blue in color","Explode as supernovae","Low mass and temperature","","Easy","Think of the most common stars in the Milky Way.","Red dwarfs are low-mass, cool, and faint stars, making them the most common type."
"Astronomy","Stars & Classification","Which property primarily determines a star’s color?","Mass","Temperature","Age","Luminosity","Temperature","","Easy","Hot stars appear blue, cool stars red.","Surface temperature determines the color of a star."
"Astronomy","Stars & Classification","Which of these stars is the most luminous?","O-type supergiant","G-type main sequence","M-type dwarf","B-type subgiant","O-type supergiant","","Medium","Luminosity depends on size and temperature.","O-type supergiants are extremely luminous due to high mass and temperature."
"Astronomy","Stars & Classification","Which sequence represents spectral types from hottest to coolest?","OBAFGKM","MKGFBAO","GKMABFO","ABFGKMO","OBAFGKM","","Easy","Mnemonic: Oh Be A Fine Girl/Guy Kiss Me.","The standard OBAFGKM sequence orders stars from hottest to coolest."
"Astronomy","Stars & Classification","Which type of star has ceased core hydrogen fusion?","Red giant","Main sequence","Blue dwarf","Protostar","Red giant","","Medium","It’s post-main sequence.","Red giants have exhausted hydrogen in the core and are fusing helium or heavier elements."
"Astronomy","Stars & Classification","Which property is not part of spectral classification?","Temperature","Luminosity","Chemical composition","Distance","Distance","","Easy","Spectral classification is intrinsic.","Spectral classification depends on temperature, luminosity, and composition, not distance."
"Astronomy","Exoplanets & Planetary Systems","What is a 'hot Jupiter'?","A small rocky planet close to its star","A gas giant close to its star","A gas giant far from its star","A planet still forming","A gas giant close to its star","","Medium","Name gives away its properties.","Hot Jupiters are gas giants similar to Jupiter but orbit very close to their host star."
"Astronomy","Exoplanets & Planetary Systems","Which method detects exoplanets by measuring star brightness dips?","Radial velocity","Transit photometry","Astrometry","Gravitational microlensing","Transit photometry","","Easy","Look for changes in light over time.","Transit photometry detects planets by observing the dip in brightness when a planet passes in front of its star."
"Astronomy","Exoplanets & Planetary Systems","The radial velocity method detects exoplanets by measuring?","Star wobble","Planet size","Transit duration","Planet atmosphere","Star wobble","","Medium","Doppler effect is used.","The star moves slightly due to gravitational pull from the planet, which causes measurable Doppler shifts in its spectrum."
"Astronomy","Exoplanets & Planetary Systems","Kepler’s Third Law relates which two quantities?","Star mass and planet radius","Orbital period and semi-major axis","Planet mass and distance","Star luminosity and temperature","Orbital period and semi-major axis","","Medium","P² = a³ for solar mass stars.","Kepler’s Third Law states that the square of the orbital period is proportional to the cube of the semi-major axis."
"Astronomy","Exoplanets & Planetary Systems","Which planet type is most likely to be detected using transit photometry?","Large close-in planets","Small distant planets","Small close-in planets","Gas giants far from star","Large close-in planets","","Easy","Biggest effect on brightness.","Large planets close to their stars block more light, making transits easier to detect."
"Astronomy","Exoplanets & Planetary Systems","Which detection method measures a star’s position changes in the sky due to orbiting planets?","Radial velocity","Transit photometry","Astrometry","Gravitational microlensing","Astrometry","","Medium","Precise positional shifts.","Astrometry measures tiny shifts in a star's position caused by gravitational pull of planets."
"Astronomy","Exoplanets & Planetary Systems","Gravitational microlensing detects exoplanets by?","Measuring star wobble","Observing brightness amplification of background star","Transit dips","Direct imaging","Observing brightness amplification of background star","","Hard","A lensing effect due to gravity.","A planet’s gravity bends light from a background star, temporarily brightening it."
"Astronomy","Exoplanets & Planetary Systems","What defines a planet as 'Earth-like'?","Size and composition similar to Earth","Orbiting far from star","Gas giant composition","No atmosphere","Size and composition similar to Earth","","Easy","Consider rocky planets.","Earth-like planets are rocky, with sizes and masses similar to Earth."
"Astronomy","Exoplanets & Planetary Systems","Which exoplanet was the first discovered around a Sun-like star?","51 Pegasi b","Kepler-22b","HD 209458 b","Proxima Centauri b","51 Pegasi b","","Medium","Discovered in 1995.","51 Pegasi b was the first exoplanet found orbiting a main-sequence star using radial velocity."
"Astronomy","Exoplanets & Planetary Systems","Which characteristic is common for a 'super-Earth' planet?","Mass between Earth and Neptune","Smaller than Mercury","Gas giant composition","Orbiting multiple stars","Mass between Earth and Neptune","","Medium","Not a gas giant, bigger than Earth.","Super-Earths have masses higher than Earth but less than Neptune, usually rocky."
"Astronomy","Exoplanets & Planetary Systems","A planet with high eccentricity has what kind of orbit?","Circular","Elliptical","Parabolic","Hyperbolic","Elliptical","","Medium","Distance varies along the orbit.","Eccentric orbits are elongated (elliptical) rather than circular."
"Astronomy","Exoplanets & Planetary Systems","Which type of planet is more likely to have a hydrogen-rich atmosphere?","Gas giants","Rocky planets","Ice dwarfs","Terrestrial planets","Gas giants","","Easy","Think Jupiter and Saturn.","Gas giants primarily consist of hydrogen and helium with thick atmospheres."
"Astronomy","Exoplanets & Planetary Systems","What is the habitable zone?","Region where liquid water can exist","Distance where planets are gas giants","Region with strong stellar winds","Region with no gravity","Region where liquid water can exist","","Easy","Also called the 'Goldilocks zone.'","The habitable zone is the orbital region around a star where temperatures allow liquid water to exist on a planet's surface."
"Astronomy","Exoplanets & Planetary Systems","Which property is measured in radial velocity method?","Star velocity along line of sight","Distance to planet","Planet radius","Transit duration","Star velocity along line of sight","","Medium","Uses Doppler shifts.","The radial velocity method detects the star's motion toward or away from Earth due to a planet's gravity."
"Astronomy","Exoplanets & Planetary Systems","Which property primarily determines a planet's surface temperature?","Distance from star","Mass","Rotation speed","Orbit shape","Distance from star","","Easy","Closer means hotter.","The planet's surface temperature depends mainly on its distance from the host star."
"Astronomy","Exoplanets & Planetary Systems","A planet transiting its star causes what in the observed light curve?","Increase in brightness","Decrease in brightness","No change","Oscillations","Decrease in brightness","","Easy","Blockage of starlight.","During a transit, the planet blocks a fraction of light, causing a dip in the light curve."
"Astronomy","Exoplanets & Planetary Systems","Which of the following is a method to find exoplanets indirectly?","Direct imaging","Transit photometry","Space telescope imaging","Stellar photography","Transit photometry","","Medium","Detect planets by their effect on the star.","Transit photometry detects planets by the light dimming they cause when passing in front of the star."
"Astronomy","Exoplanets & Planetary Systems","Which is true for planets in multi-star systems?","All have circular orbits","Orbits can be stable or unstable","Cannot exist","All are gas giants","Orbits can be stable or unstable","","Hard","Gravitational interactions matter.","Planets in multi-star systems may have stable or unstable orbits depending on stellar distances and configurations."
"Astronomy","Exoplanets & Planetary Systems","Which planet type can be found in both inner and outer planetary systems?","Terrestrial planets","Gas giants","Brown dwarfs","Hot Jupiters","Terrestrial planets","","Medium","Rocky planets can be close or far.","Terrestrial planets are rocky and may exist close or moderately far from their stars."
"Astronomy","Exoplanets & Planetary Systems","The discovery of exoplanets has shown that planetary systems are?","All like our solar system","Highly varied","All have hot Jupiters","Only terrestrial planets","Highly varied","","Medium","Different from early expectations.","Exoplanet discoveries show planetary systems can have a wide range of planet types and orbital configurations."
"Astronomy","Stellar Evolution","What is the primary factor that determines a star's life cycle?","Initial mass","Rotation speed","Chemical composition","Age","Initial mass","","Easy","Mass at birth dictates its future.","A star's initial mass determines its luminosity, lifespan, and final state (white dwarf, neutron star, or black hole)."
"Astronomy","Stellar Evolution","A protostar generates energy mainly through?","Hydrogen fusion","Gravitational collapse","Lithium burning","Nuclear fission","Gravitational collapse","","Easy","Fusion hasn’t started yet.","Before nuclear fusion, a protostar radiates energy from the conversion of gravitational potential energy into heat."
"Astronomy","Stellar Evolution","Main sequence stars primarily fuse which element?","Hydrogen","Helium","Carbon","Oxygen","Hydrogen","","Easy","Most of a star’s life is spent in this phase.","Main sequence stars fuse hydrogen into helium in their cores to generate energy."
"Astronomy","Stellar Evolution","What stage comes after a red giant for a low-mass star?","White dwarf","Neutron star","Black hole","Protostar","White dwarf","","Medium","Star sheds outer layers, leaving a dense core.","Low-mass stars expel their outer layers as planetary nebulae and leave behind a white dwarf."
"Astronomy","Stellar Evolution","High-mass stars end their life as?","White dwarfs","Neutron stars or black holes","Protostars","Red dwarfs","Neutron stars or black holes","","Medium","Depends on how massive the core is.","Stars with initial mass >8 M☉ may form neutron stars or black holes after a supernova."
"Astronomy","Stellar Evolution","What causes a supernova?","Core collapse of massive star","Ignition of hydrogen fusion","Formation of planetary nebula","Stellar rotation","Core collapse of massive star","","Medium","Explosion from core instability.","A supernova occurs when the core of a massive star collapses under gravity, causing a powerful explosion."
"Astronomy","Stellar Evolution","During the red giant phase, what happens to the star's core?","It shrinks and heats up","It expands and cools","It becomes gaseous","It remains the same","It shrinks and heats up","","Medium","Core contracts while outer layers expand.","The core contracts and heats, while the outer layers expand and cool, giving the star a red appearance."
"Astronomy","Stellar Evolution","Which phase is characterized by helium fusion into carbon?","Main sequence","Red giant","Supernova","White dwarf","Red giant","","Medium","Fusion after hydrogen is depleted.","In the red giant phase, the star fuses helium into carbon and oxygen in the core."
"Astronomy","Stellar Evolution","What is the Chandrasekhar limit?","Maximum mass of a white dwarf","Minimum mass of a neutron star","Maximum mass of a star","Mass of Sun","Maximum mass of a white dwarf","","Hard","Approximately 1.44 M☉.","The Chandrasekhar limit (~1.44 M☉) is the maximum mass a white dwarf can have before collapsing into a neutron star."
"Astronomy","Stellar Evolution","What is a planetary nebula?","Ejected outer layers of a star","A small planet forming","A black hole","A red dwarf","Ejected outer layers of a star","","Easy","Not related to planets despite the name.","Planetary nebulae are shells of gas ejected by low- to intermediate-mass stars near the end of their lives."
"Astronomy","Stellar Evolution","Which stars have the longest lifetimes?","Red dwarfs","Blue giants","Sun-like stars","White dwarfs","Red dwarfs","","Easy","Small and cool stars burn fuel slowly.","Red dwarfs burn hydrogen slowly and can live for hundreds of billions of years."
"Astronomy","Stellar Evolution","What is a neutron star primarily composed of?","Neutrons","Protons","Electrons","Hydrogen","Neutrons","","Medium","Densest stable matter.","Neutron stars are extremely dense objects mainly composed of neutrons formed after supernova collapse."
"Astronomy","Stellar Evolution","What is the approximate temperature of the core of the Sun where fusion occurs?","15 million K","5,800 K","1 million K","100 million K","15 million K","","Medium","Much hotter than the surface.","The core of the Sun reaches ~15 million K, allowing hydrogen fusion to occur."
"Astronomy","Stellar Evolution","Which process converts helium into carbon and oxygen in stars?","Triple-alpha process","Proton-proton chain","CNO cycle","Beta decay","Triple-alpha process","","Hard","Helium fusion in red giants.","The triple-alpha process fuses three helium nuclei into carbon, with some forming oxygen."
"Astronomy","Stellar Evolution","Which factor affects how fast a star evolves off the main sequence?","Mass","Color","Distance from Earth","Rotation","Mass","","Medium","Bigger stars burn fuel faster.","Higher-mass stars have shorter lifetimes because they burn fuel at higher rates."
"Astronomy","Stellar Evolution","What is the primary source of energy in a white dwarf?","Residual heat","Nuclear fusion","Gravitational collapse","Chemical reactions","Residual heat","","Medium","Fusion has stopped.","White dwarfs no longer fuse elements; they shine due to residual thermal energy."
"Astronomy","Stellar Evolution","What is a black hole?","An object with gravity so strong not even light can escape","A dark star","A neutron star","A red giant","An object with gravity so strong not even light can escape","","Medium","Event horizon concept.","A black hole is a region of spacetime with gravity strong enough to prevent light from escaping."
"Astronomy","Stellar Evolution","Which phase occurs after helium is exhausted in massive stars?","Carbon fusion","Hydrogen burning","Red giant","White dwarf","Carbon fusion","","Hard","Next stage of fusion in massive stars.","Massive stars fuse heavier elements sequentially: helium → carbon → oxygen → silicon until iron accumulates in the core."
"Astronomy","Stellar Evolution","Which force balances gravity in a main sequence star?","Radiation pressure from fusion","Magnetic pressure","Centrifugal force","Dark energy","Radiation pressure from fusion","","Medium","Prevents collapse during life.","The outward pressure from nuclear fusion balances gravity, keeping the star stable on the main sequence."
"Astronomy","H-R Diagram & Stellar Classification","What are the two axes of the Hertzsprung-Russell diagram?","Luminosity vs Temperature","Mass vs Radius","Distance vs Brightness","Velocity vs Age","Luminosity vs Temperature","","Easy","Think of brightness and heat.","The H-R diagram plots stellar luminosity (or absolute magnitude) on the vertical axis and surface temperature (or spectral type) on the horizontal axis."
"Astronomy","H-R Diagram & Stellar Classification","Which spectral class represents the hottest stars?","O","B","A","M","O","","Easy","Remember OBAFGKM.","O-type stars are the hottest and most massive stars, with blue color."
"Astronomy","H-R Diagram & Stellar Classification","Which spectral class represents cool, red stars?","M","F","G","B","M","","Easy","Coolest in the OBAFGKM sequence.","M-type stars are the coolest, red in color, often red dwarfs or red giants."
"Astronomy","H-R Diagram & Stellar Classification","A star in the upper-left of the H-R diagram is likely:","Hot and luminous","Cool and dim","Hot and dim","Cool and luminous","Hot and luminous","","Medium","Top-left means high luminosity and high temperature.","Upper-left stars are massive, bright, and hot, often O or B type giants or supergiants."
"Astronomy","H-R Diagram & Stellar Classification","Main sequence stars are located along which region of the H-R diagram?","Diagonal from top-left to bottom-right","Top-right corner","Bottom-left corner","Center only","Diagonal from top-left to bottom-right","","Medium","Most stars lie here during their hydrogen-burning phase.","The main sequence runs diagonally from hot, luminous stars to cool, dim stars."
"Astronomy","H-R Diagram & Stellar Classification","Which type of star appears in the lower-left region of the H-R diagram?","White dwarfs","Red giants","Supergiants","Protostars","White dwarfs","","Medium","Hot but low luminosity.","White dwarfs are small, hot, and dim, located in the lower-left of the H-R diagram."
"Astronomy","H-R Diagram & Stellar Classification","The Sun belongs to which spectral type?","G","K","F","M","G","","Easy","Yellow main-sequence star.","The Sun is a G-type main-sequence star (G2V), moderately hot and luminous."
"Astronomy","H-R Diagram & Stellar Classification","Which stellar property is most closely related to a star’s color?","Surface temperature","Mass","Age","Luminosity","Surface temperature","","Easy","Blue vs red color.","Star color indicates surface temperature: blue = hot, red = cool."
"Astronomy","H-R Diagram & Stellar Classification","What does a star’s luminosity measure?","Total energy output per second","Size of the core","Mass","Distance from Earth","Total energy output per second","","Easy","Brightness intrinsic to the star.","Luminosity is the total energy a star emits per unit time."
"Astronomy","H-R Diagram & Stellar Classification","Which class of stars is more luminous than main sequence stars of the same temperature?","Giants","White dwarfs","Red dwarfs","Protostars","Giants","","Medium","They have expanded outer layers.","Giant stars have large radii and therefore higher luminosity at similar temperatures."
"Astronomy","H-R Diagram & Stellar Classification","Which class of stars is less luminous than main sequence stars of the same temperature?","White dwarfs","Red giants","Supergiants","Blue giants","White dwarfs","","Medium","Small but hot stars.","White dwarfs are hot but small, giving them low luminosity."
"Astronomy","H-R Diagram & Stellar Classification","What is the spectral sequence from hottest to coolest stars?","O, B, A, F, G, K, M","M, K, G, F, A, B, O","G, K, M, O, B, A, F","A, B, O, M, K, G, F","O, B, A, F, G, K, M","","Easy","Mnemonic: Oh Be A Fine Girl/Guy, Kiss Me","OBAFGKM is the standard spectral classification from hottest to coolest."
"Astronomy","H-R Diagram & Stellar Classification","What property primarily determines a star's position along the main sequence?","Mass","Age","Rotation","Metallicity","Mass","","Medium","More massive stars are hotter and brighter.","Mass dictates temperature and luminosity, determining a star's main sequence position."
"Astronomy","H-R Diagram & Stellar Classification","A star that moves off the main sequence becomes a:","Giant or supergiant","White dwarf","Protostar","Neutron star","Giant or supergiant","","Medium","Hydrogen burning in the core has ended.","Stars expand into giants or supergiants after exhausting core hydrogen."
"Astronomy","H-R Diagram & Stellar Classification","Which type of star appears in the top-right corner of the H-R diagram?","Red supergiants","Blue dwarfs","White dwarfs","Protostars","Red supergiants","","Medium","Cool but very luminous.","Top-right stars are large, cool, and very luminous, like red supergiants."
"Astronomy","H-R Diagram & Stellar Classification","What does the absolute magnitude of a star represent?","Intrinsic brightness","Apparent brightness","Temperature","Distance","Intrinsic brightness","","Easy","Brightness if all stars were 10 parsecs away.","Absolute magnitude measures a star’s intrinsic brightness independent of distance."
"Astronomy","H-R Diagram & Stellar Classification","Stars cooler than 3,500 K are usually of which color?","Red","Yellow","White","Blue","Red","","Easy","Red dwarfs and giants.","Cool stars emit most energy in red wavelengths, appearing red."
"Astronomy","H-R Diagram & Stellar Classification","Which property is NOT shown on a standard H-R diagram?","Distance","Luminosity","Temperature","Spectral type","Distance","","Easy","H-R diagrams are intrinsic properties only.","H-R diagrams plot intrinsic stellar properties; distance to the star is not shown."
"Astronomy","H-R Diagram & Stellar Classification","What happens to a star’s luminosity as it evolves into a red giant?","Increases","Decreases","Remains the same","Becomes zero","Increases","","Medium","Outer layers expand and brighten.","As a star expands into a red giant, its luminosity increases even though surface temperature decreases."
"Astronomy","","Which method detects exoplanets by observing periodic dimming of a star's light?","Transit method","Radial velocity","Direct imaging","Astrometry","Transit method","Exoplanet Detection","Easy","The star appears slightly dimmer when the planet passes in front of it.","The transit method measures the dip in a star’s brightness caused by a planet crossing in front of it."
"Astronomy","","Which exoplanet type is similar in mass to Jupiter but orbits very close to its star?","Hot Jupiter","Super-Earth","Ice Giant","Neptune-like","Hot Jupiter","Exoplanet Classification","Easy","It is 'hot' because of its proximity to the star.","Hot Jupiters are gas giants with short orbital periods, resulting in high surface temperatures."
"Astronomy","","What is the habitable zone around a star?","Region where liquid water can exist","Region with highest solar radiation","Area with gas giants","Area with icy bodies","Region where liquid water can exist","Planetary Habitability","Easy","It is sometimes called the 'Goldilocks zone'.","The habitable zone is the distance range from a star where conditions allow liquid water on a planet’s surface."
"Astronomy","","Which law relates a planet's orbital period to its distance from its star?","Kepler's Third Law","Newton's Second Law","Ohm's Law","Hubble's Law","Kepler's Third Law","Planetary Motion","Medium","P² ∝ a³","Kepler's Third Law states that the square of a planet’s orbital period is proportional to the cube of the semi-major axis of its orbit."
"Astronomy","","Which type of planet is primarily composed of gases like hydrogen and helium?","Gas giant","Terrestrial planet","Ice giant","Dwarf planet","Gas giant","Planetary Classification","Easy","Examples include Jupiter and Saturn.","Gas giants are large planets with thick atmospheres of hydrogen and helium and little solid surface."
"Astronomy","","What is the primary source of heat for a planet like Venus?","Greenhouse effect","Radioactive decay","Tidal heating","Solar wind","Greenhouse effect","Planetary Atmospheres","Easy","Think about CO2 trapping heat.","Venus is extremely hot due to a thick CO2 atmosphere trapping solar heat, producing a strong greenhouse effect."
"Astronomy","","Which planet has the fastest orbital period around the Sun?","Mercury","Earth","Venus","Mars","Mercury","Solar System","Easy","It is the closest planet to the Sun.","Mercury completes an orbit in about 88 Earth days due to its proximity to the Sun."
"Astronomy","","Which exoplanet detection method measures the star's wobble?","Radial velocity","Transit","Direct imaging","Gravitational microlensing","Radial velocity","Exoplanet Detection","Medium","It uses the Doppler effect.","The radial velocity method detects variations in the star's spectral lines caused by gravitational pull from orbiting planets."
"Astronomy","","Which planet in our Solar System has retrograde rotation?","Venus","Mars","Earth","Jupiter","Venus","Planetary Properties","Medium","Its rotation is opposite to most planets.","Venus rotates clockwise, opposite to most other planets, resulting in retrograde rotation."
"Astronomy","","Which type of exoplanet has a mass between Earth and Neptune?","Super-Earth","Hot Jupiter","Brown Dwarf","Gas Giant","Super-Earth","Exoplanet Classification","Medium","Heavier than Earth, lighter than Neptune.","Super-Earths are exoplanets with a mass larger than Earth's but significantly less than Neptune's."
"Astronomy","","Which exoplanet detection method uses the bending of light by gravity?","Gravitational microlensing","Transit method","Radial velocity","Direct imaging","Gravitational microlensing","Exoplanet Detection","Hard","Einstein's theory of general relativity.","Gravitational microlensing detects exoplanets when a foreground star bends light from a background star, temporarily magnifying it."
"Astronomy","","Which planet has the largest known moon in the Solar System?","Jupiter","Saturn","Earth","Neptune","Jupiter","Moons & Satellites","Medium","Think of Ganymede.","Ganymede, orbiting Jupiter, is the largest moon in the Solar System."
"Astronomy","","Which dwarf planet is located in the Kuiper Belt?","Pluto","Ceres","Eris","Haumea","Pluto","Solar System Objects","Medium","Once considered the ninth planet.","Pluto is a dwarf planet located in the Kuiper Belt beyond Neptune."
"Astronomy","","Which planets have rings in the Solar System?","Saturn, Jupiter, Uranus, Neptune","Earth, Mars, Jupiter","Venus, Mercury","All planets","Saturn, Jupiter, Uranus, Neptune","Planetary Features","Medium","Look beyond Saturn.","Four gas giants have ring systems, though Saturn's are the most prominent."
"Astronomy","","Which planet is considered an ice giant?","Neptune","Jupiter","Mars","Venus","Neptune","Planetary Classification","Medium","It has a thick layer of water, ammonia, and methane ices.","Ice giants like Neptune have heavier volatile substances (ices) in their composition compared to gas giants."
"Astronomy","","Which exoplanet was the first confirmed discovery around a Sun-like star?","51 Pegasi b","Kepler-22b","Proxima Centauri b","Gliese 581g","51 Pegasi b","Historical Discoveries","Medium","Discovered in 1995.","51 Pegasi b was discovered in 1995 using the radial velocity method and was the first exoplanet around a main-sequence star."
"Astronomy","","Which factor primarily determines a planet's surface temperature?","Distance from its star","Mass","Rotation period","Magnetic field","Distance from its star","Planetary Properties","Easy","Closer planets receive more sunlight.","A planet’s surface temperature depends mainly on how much stellar radiation it receives."
"Astronomy","","Which planet has the largest axial tilt?","Uranus","Earth","Mars","Saturn","Uranus","Planetary Properties","Medium","Its rotation axis is almost horizontal.","Uranus has an axial tilt of ~98°, causing extreme seasonal changes."
"Astronomy","","Which planet's atmosphere is mostly nitrogen?","Earth","Venus","Mars","Jupiter","Earth","Atmospheres","Easy","Think about our life-supporting planet.","Earth’s atmosphere is about 78% nitrogen and 21% oxygen."
"Astronomy","","Which process contributes to planetary differentiation?","Separation of layers by density","Magnetic field generation","Tidal heating","Solar wind stripping","Separation of layers by density","Planetary Formation","Medium","Heavy elements sink, light elements rise.","Differentiation occurs when denser materials sink toward a planet’s center and lighter materials rise."
"Astronomy","","Which planet is considered a 'Super-Earth' candidate in exoplanet studies?","Kepler-22b","Jupiter","Venus","Mars","Kepler-22b","Exoplanet Classification","Medium","Larger than Earth, possibly habitable.","Kepler-22b is an exoplanet larger than Earth, located in its star’s habitable zone, making it a Super-Earth candidate."
"Astronomy","","What is the defining feature of a black hole?","Escape velocity greater than the speed of light","High luminosity","Rapid rotation","Strong magnetic field","Escape velocity greater than the speed of light","Black Hole Basics","Easy","Nothing, not even light, can escape.","A black hole is an object with a gravitational pull so strong that its escape velocity exceeds the speed of light."
"Astronomy","","What is the boundary surrounding a black hole called?","Event horizon","Singularity","Accretion disk","Photon sphere","Event horizon","Black Hole Structure","Easy","Crossing it means you cannot return.","The event horizon is the surface beyond which nothing can escape a black hole’s gravity."
"Astronomy","","Which type of black hole forms from the collapse of a massive star?","Stellar-mass black hole","Supermassive black hole","Intermediate black hole","Primordial black hole","Stellar-mass black hole","Black Hole Formation","Easy","It is a result of supernova explosions.","Stellar-mass black holes are formed when massive stars (>20 solar masses) undergo gravitational collapse after a supernova."
"Astronomy","","What is the singularity of a black hole?","Point of infinite density","Outer boundary","Hot accretion disk","Magnetic pole","Point of infinite density","Black Hole Structure","Medium","All mass collapses into a single point.","The singularity is the center of a black hole where gravity and density become infinite."
"Astronomy","","Which black hole type is found at the center of most galaxies?","Supermassive black hole","Stellar-mass black hole","Intermediate black hole","Primordial black hole","Supermassive black hole","Black Hole Classification","Easy","Mass millions to billions of times that of the Sun.","Supermassive black holes reside in galactic centers and can have millions to billions of solar masses."
"Astronomy","","What is the primary method for detecting stellar-mass black holes?","Observing X-ray emission from accretion disks","Direct imaging","Gravitational lensing","Pulsar timing","Observing X-ray emission from accretion disks","Detection Methods","Medium","Material falling into the black hole emits high-energy radiation.","Material heated in the accretion disk emits X-rays, revealing the presence of a black hole."
"Astronomy","","What is Hawking radiation?","Thermal radiation predicted from black holes","X-rays from accretion disks","Radio waves from pulsars","Cosmic microwave background","Thermal radiation predicted from black holes","Black Hole Physics","Hard","It allows black holes to lose mass over time.","Hawking radiation is quantum radiation that allows black holes to slowly evaporate."
"Astronomy","","What is the typical mass range of stellar-mass black holes?","3–20 solar masses","10⁶–10⁹ solar masses","50–500 solar masses","Less than 1 solar mass","3–20 solar masses","Black Hole Properties","Medium","Formed from massive stars.","Stellar-mass black holes typically have masses between 3 and 20 times the Sun."
"Astronomy","","What phenomenon occurs when a star orbits a black hole closely and gets stretched?","Tidal disruption event","Supernova","Nova","Accretion flare","Tidal disruption event","Black Hole Effects","Medium","The star is pulled apart by gravity.","A tidal disruption event happens when the gravitational gradient of a black hole tears a star apart."
"Astronomy","","Which object is denser: a neutron star or a stellar-mass black hole?","Black hole","Neutron star","Both equal","Cannot compare","Black hole","Compact Objects","Medium","Density at singularity is infinite.","Black holes contain a singularity with theoretically infinite density, denser than neutron stars."
"Astronomy","","Which compact object is formed after a supernova of a 8–20 solar mass star?","Neutron star","Black hole","White dwarf","Brown dwarf","Neutron star","Compact Objects","Easy","Not massive enough to form a black hole.","Stars in this mass range collapse into neutron stars after a supernova."
"Astronomy","","What is the fastest known rotating neutron star called?","Pulsar","Magnetar","Quasar","Blazar","Pulsar","Compact Objects","Medium","It emits regular radio pulses.","Pulsars are rapidly rotating neutron stars emitting beams of radiation that appear as pulses."
"Astronomy","","What is the Schwarzschild radius?","Radius of event horizon","Core radius","Accretion disk radius","Photon orbit radius","Radius of event horizon","Black Hole Basics","Medium","Depends on mass of black hole.","The Schwarzschild radius is the radius of the event horizon, proportional to the black hole's mass."
"Astronomy","","Which black hole type has masses between stellar-mass and supermassive?","Intermediate-mass black hole","Primordial black hole","Mini black hole","Quasar","Intermediate-mass black hole","Black Hole Classification","Medium","Ranging 100–10⁵ solar masses.","Intermediate-mass black holes have masses between 100–100,000 solar masses, bridging stellar and supermassive types."
"Astronomy","","Which effect causes gravitational redshift near black holes?","Einstein's general relativity","Doppler effect","Hubble expansion","Lorentz contraction","Einstein's general relativity","Black Hole Physics","Hard","Time and space are warped by gravity.","Strong gravity near black holes stretches light waves, causing gravitational redshift according to general relativity."
"Astronomy","","Which phenomenon allows matter to escape from a neutron star but not a black hole?","Radiation pressure","Magnetic reconnection","Relativistic jets","Hawking radiation","Relativistic jets","Compact Object Effects","Medium","Jets are often seen in X-ray binaries.","Neutron stars and black holes can produce jets, but matter can escape neutron stars via magnetic processes; black holes have a true event horizon."
"Astronomy","","What is a magnetar?","Neutron star with extremely strong magnetic field","White dwarf","Black hole with charge","Pulsar with slow rotation","Neutron star with extremely strong magnetic field","Compact Objects","Medium","Strongest magnetic fields in the universe.","Magnetars are neutron stars with magnetic fields trillions of times stronger than Earth’s."
"Astronomy","","Which process can create black holes in the early universe?","Primordial black hole formation","Supernova","Stellar collapse","Accretion","Primordial black hole formation","Black Hole Formation","Hard","Formed from density fluctuations, not stars.","Primordial black holes may have formed from high-density regions in the early universe before stars existed."
"Astronomy","","Which astronomical observation confirmed the existence of stellar-mass black holes?","X-ray binaries","Gravitational waves","Pulsar timing","Microlensing","X-ray binaries","Observational Evidence","Medium","Look for a normal star orbiting an invisible massive object.","X-ray binaries, where a normal star orbits an unseen compact object emitting X-rays, provide evidence for stellar-mass black holes."
"Astronomy","","Which is more massive: a typical neutron star or a typical stellar-mass black hole?","Stellar-mass black hole","Neutron star","Both equal","Varies randomly","Stellar-mass black hole","Compact Object Properties","Easy","Black holes exceed the Tolman–Oppenheimer–Volkoff limit.","Neutron stars have a maximum mass (~2–3 M☉); objects beyond this limit collapse into black holes."
"Astronomy","","Which black hole property cannot be directly measured?","Singularity density","Mass","Spin","Charge","Singularity density","Black Hole Physics","Hard","The singularity is hidden behind the event horizon.","While mass, spin, and charge can be inferred, the singularity itself cannot be directly observed."
"Astronomy","","What type of radiation is emitted by matter in the accretion disk of a black hole?","X-rays","Radio waves","Infrared","Microwaves","X-rays","Black Hole Effects","Medium","High-energy radiation from hot matter.","Matter falling into a black hole heats up to millions of degrees, emitting X-rays."
"Astronomy","","Which astronomical tool allowed the first image of a black hole?","Event Horizon Telescope","Hubble Space Telescope","Chandra X-ray Observatory","Kepler Telescope","Event Horizon Telescope","Observational Techniques","Hard","It combines radio telescopes worldwide.","The Event Horizon Telescope used very-long-baseline interferometry to capture the first image of a black hole in M87."
"Astronomy","","What is the typical size of a stellar-mass black hole's event horizon?","10–60 km","100 km","1,000 km","10⁶ km","10–60 km","Black Hole Properties","Medium","Depends on mass of a few solar masses.","Stellar-mass black holes have small event horizons, roughly 10–60 km in radius."
"Astronomy","","Which black hole property is measurable via gravitational wave observations?","Mass and spin","Singularity density","Event horizon radius","Magnetic field","Mass and spin","Observational Evidence","Medium","LIGO detected merging black holes.","Gravitational waves from black hole mergers reveal their masses and spins."
